post_id,meta_description
9514,"Samurai identity explored beyond armor through duty class ethics daily life and how social roles shaped behavior off the battlefield"
21958,"Hokusai Great Wave evolution traces print history influence reinterpretation and shifting meaning from Edo era craft to global icon"
30834,"Cyberpunk anime builds neon cities with kanji signage biker gangs surveillance and class divides defining high tech low life worlds"
143679,"Chiten Theatre GOOD BYE mixes translation movement music and sharp staging showing how experimental drama can feel urgent and human"
145742,"Eigakan Jazz Kissa Project documents Tokyo jazz cafes preserving vinyl listening culture intimate spaces and postwar music history"
32266,"Star Wars Visions blends lightsabers ronin duels and anime studio styles into short stories that feel Japanese yet still Star Wars"
10730,"Three albums by Japanese composers chosen for ambient minimalist pacing texture and restrained emotion suited to focused listening"
150764,"Nineties Japan photo journey captures youth fashion street culture technology shifts and the fading mood of a transitional decade"
32880,"Oishinbo explores food debates mochi and regional dishes to reveal Japanese taste etiquette family life and changing work culture"
30491,"Bonsai culture explained through tree care patience scale and how cultivating small forms reflects wider views of nature and time"
16178,"Kamakura period history outlines the rise of samurai governance political shifts and cultural change that reshaped medieval Japan"
136553,"The Boy and the Heron follows Mahito through loss war and surreal towers framing grief as a journey in Miyazaki late career work"
37864,"Satoshi Kon films use streets trains and billboards as pressure points shaping identity in Perfect Blue Tokyo Godfathers Paprika"
32260,"Batman Gotham Knight revisits six anime shorts with shifting styles and voices that bridge Batman Begins and The Dark Knight era"
14347,"Top lo fi hip hop YouTube channels with Japan inspired visuals rain loops and study beats built for calm focus and long sessions"
17289,"Akita countryside life shows rural language immersion daily rhythms seasonal work and how inaka shapes communication and mindset"
24616,"Maneki neko history explains lucky cat poses colors regional meanings and how the symbol spread through shops homes and temples"
120550,"Cherry blossom beauty traced through hanami poetry seasonal rituals impermanence and how fleeting blooms shape Japanese emotion"
143609,"Chiten Theatre farewell event in London explores language movement and staging through a bold Japanese experimental performance"
16301,"Ikigai meaning explored through work purpose routine balance and how long term fulfillment grows from everyday habits in Japan"
149421,"Teaching English in Japan truth covers work expectations pay culture shock and classroom reality honestly from real experience"
146060,"Japanese crime fiction today reflects cities loneliness pressure and how modern murders move beyond classic puzzle structures"
32896,"Studio Ghibli storytelling uses pauses time leaps and daily moments to make wonder feel lived in from Totoro to Spirited Away"
38088,"Studio Ghibli films feel beautiful yet unreachable through quiet pacing lonely heroes and worlds built on longing not comfort"
32017,"Ukiyoe tells the floating world story of courtesans kabuki actors landscapes and how woodblock prints reshaped visual culture"
16753,"Exploring Japanese books beyond Murakami highlights authors themes genres and entry points to help readers find a first match"
20156,"Meet Satoshi Kon through Perfect Blue Millennium Actress Tokyo Godfathers and Paprika and why his editing still stuns viewers"
151623,"Food replicas art shows how wax and plastic dishes train memory appetite marketing and visual expectation in Japanese dining"
30873,"Akira thrills with Kaneda and Tetsuo in neon Neo Tokyo mixing biker chaos brutal body horror and meticulous hand drawn craft"
19359,"Onitsuka Tiger Mexico sixty six sneakers traced from training shoes to fashion staple with design history and styling appeal"
146624,"Anime travel hotspots highlight real locations tied to famous series pilgrimages and fan culture globally for dedicated fans"
148394,"Japanese fighting heroes cover folklore samurai figures legends and moral ideals that shaped courage honor and storytelling"
49388,"Manga evolved from satire and sketches into modern panels shaped by printing technology popular culture and mass readership"
30812,"Miyazaki and Studio Ghibli link forests spirits and industry to environmental warnings through Mononoke Nausicaa and Totoro"
33608,"Ghost in the Shell questions identity through Major Kusanagi the Puppet Master and the sea of information in a wired future"
29284,"The Animatrix expands Matrix lore from Second Renaissance to Kid Story using anime to explore machines war and human choice"
151493,"Uketsu the masked horror writer builds dread through drawings notes puzzles and urban legends that blur fiction and reality"
20389,"The Wind Rises reflects Miyazaki love of flight Jiro dreams and the cost of beauty when aviation collides with war and loss"
70835,"Hidden Kyoto spots uncover backstreets temples walks and everyday scenes beyond crowded landmarks quietly at a slower pace"
31184,"Princess Mononoke sets Iron Town against forest spirits with San and Ashitaka caught between survival violence and nature"
30885,"Neo Tokyo revisited through OVA visions of gangs psychic power and ruined streets that shaped the tone of dystopian anime"
53334,"Improving Japanese writing focuses on sentence flow kanji choice feedback habits and building confidence through practice"
16603,"Japanese whisky history traces postwar origins blending styles and the global boom in rare bottles today among collectors"
164571,"Romantic action anime pairs love and combat from demons to warlords where chemistry matters as much as blades and stakes"
33598,"Makoto Shinkai worlds glow with skies rain trains and distance showing emotional connection in Your Name and later films"
32106,"Godzilla Showa era evolution tracks monster symbolism postwar fear and changing national identity clearly across decades"
19613,"Ten Studio Ghibli songs explained with scene context melody timing and how Joe Hisaishi’s music shapes emotional memory"
18266,"Shodo calligraphy art reveals brush rhythm ink balance discipline and how writing becomes movement meditation and focus"
32380,"Samurai Champloo reframes Japan with Edo road trips hip hop beats graffiti energy and Mugen Jin and Fuu as mashup icons"
19952,"Japanese sneaker collaborations pair streetwear heritage design and limited releases that shape global footwear culture"
30337,"The Yokai database catalogs spirits monsters folklore origins traits regional variations and how myths evolved across Japan"
14316,"Enka songs reflect heartbreak longing rural life and narrative tradition shaping Japans emotional popular music history"
49473,"Mecha anime mixes classics and oddballs like Date A Live and Darling in the Franxx with pilots waifus and giant battles"
146337,"Cool Japan campaign history explains how culture branding media and tourism reshaped global image abroad over the years"
23657,"Japanese Metabolism guide covers organic megastructures modular cities and architects who imagined buildings that grow"
149125,"Relocating to Japan from the UK covers visas housing work culture healthcare lifestyle changes and planning realities"
23610,"Fruits magazine's rise and fall, how Harajuku style documentation shaped global street fashion before social media"
38673,"Japanese hip hop DJs influence Western clubs through turntablism crate digging style and cross cultural collaboration"
149527,"Best eighties anime include Macross music and mecha plus Fist of the North Star with Kenshiro and wild catchphrases"
64378,"Football in anime spans Blue Lock ego clashes and Captain Tsubasa dreams with World Cup nods and famous player cameos"
29077,"Cyberpunk anime picks include Serial Experiments Lain and Paprika exploring tech anxiety identity and blurred reality"
132382,"Tokyo sub cities through fiction follow characters across Meguro Gotanda Shinagawa and Shirokane in search of solace"
23603,"Lo fi hip hop mental health benefits include focus routine calm listening and emotional grounding during daily tasks"
152467,"Anthony Bourdain Japan food journey focuses on simple meals street food chefs and why restraint defines great dishes"
52269,"Japanese jazz culture documented through fading kissaten portraits vinyl rooms and musicians keeping the scene alive"
25828,"City pop explained through artists studio sound radio culture nostalgia and why the genre found new global listeners"
40230,"Takeshi Kitano films are defined by deadpan violence quiet humor long pauses sudden brutality and stark cinematic rhythm"
15393,"Studio Ghibli food turns bacon eggs ramen and bento into comfort cues that deepen memory emotion and character bonds"
143971,"Japanese barbecue styles cover yakiniku horumon and regional grilling traditions with sauces cuts and social rituals"
143668,"Dazai Good Bye legacy explores charm scams despair and how his life shaped modern Japanese fiction themes in context"
17263,"Study in Japan with Akita Inaka, experience rural campus life language immersion and community learning abroad in practice"
54591,"Japanese Jazz Age remembered through cafes dance halls and how music survived disaster censorship and social change"
146990,"Staying connected on bullet trains explains signal limits WiFi options and how travelers keep service at high speed"
40697,"Bento box history follows everyday lunches seasonal balance and the rise of character bento in home cooking culture"
17644,"Kintsugi methods explained from repair and yobitsugi joins to staples plus the philosophy of visible scars and care"
31694,"Japanese denim brands known for selvedge fabric looms dyeing methods and craftsmanship rooted in regional workshops"
38013,"Greatest isekai anime ranked from Tsukimichi Moonlit Fantasy to Healing Magic with overpowered leads and new worlds"
125227,"Harajuku tour blends fashion streets youth culture cafes and creative expression beyond shopping with local insight"
128093,"Unique Japanese teas from Chikiriya feature roasting aging blends and Kyoto tea house tradition passed down locally"
131745,"Why Kyoto suits international students covers safety culture academics lifestyle and city scale for long term study"
39431,"Umeshu introduced through plum varieties brewing methods sweetness levels and how it fits Japanese drinking habits"
19650,"Harajuku streetwear history shaped by subcultures limited sneakers and youth expression beyond fast fashion cycles"
46696,"Zen Buddhist architecture basics show how proportion light and restraint shape calm spaces from temples to gardens"
37983,"Japanese avant garde fashion emerged through radical forms black fabrics and designers who challenged beauty norms"
61514,"Nintendo Super Mario World tour explores theme park rides design details and how games become physical experiences"
16901,"Dating app usage in Japan explained through usage habits profile norms messaging culture and why matches feel different"
144873,"Taito City travel guide covers local history street life museums food spots and everyday Tokyo atmosphere in depth"
49654,"Our backpacking Japan guide covers routes budgets hostels etiquette and flexible travel planning for independent trips"
144870,"Kyoto Jazz Massive live show blends jazz soul and club culture tracing decades of genre crossing sound and rhythm"
19108,"Studio Masachuka garment making follows traditional methods materials and philosophy behind slow fashion in Japan"
130932,"AI generated art linked to ukiyoe history raises questions about authorship style training data and the human eye"
19298,"Japanese movie posters explained with formats like STB tatekan and B five chirashi plus sourcing and framing tips"
16977,"Best anime openings explained through tone instruments and timing showing how songs hook viewers from episode one"
128323,"Japan travel attractions for couples highlight scenic towns traditions and romantic seasonal experiences together"
143763,"Japanese women in Fluxus spotlight Shigeko Kubota Vagina Painting and ties to Nam June Paik and Yoko Ono globally"
143296,"Hello Kitty kawaii culture explained through branding emotion and how cuteness became a global language worldwide"
148065,"Japanese summer trials explore heat endurance insects festivals school routines and seasonal challenges each year"
38566,"Japanese coffee culture, covering kissaten pour over rituals and the quiet craft behind Japans café scene nationwide"
148502,"Shinto beliefs in daily life appear through rituals shrines festivals and seasonal practices still observed today"
150114,"Homework differences between Japan and the West reveal discipline workload classroom values and student pressure"
32039,"Hajime Sorayama chrome gynoids link Eighty Eight Rising Head in the Clouds and pop futurism across music and art"
145017,"The Culinary Encyclopedia of Japan guides regional dishes ingredients techniques and food history across the country"
47626,"Best sports anime range from karuta in Chihayafuru to baseball in Major with rivals romance arcs and tournaments"
145542,"First steps into Japanese literature with eras genres and starter authors so you can read with confidence easily"
129058,"Showa era Japan captured on film through streets youth fashion signage and everyday life frozen in time visually"
40650,"Nintendo facts reveal company history hardware risks creative shifts and surprising business decisions over time"
25210,"Read our favorite JRPG games list highlights story systems characters and titles that shaped the genre for modern players"
125481,"This Starting a business in Japan guide covers registration, banking culture, expectations, and common hurdles for founders"
65971,"Mount Fuji paintings move from suiboku ink to realism across eras with works like Landscape of the Four Seasons"
37394,"Our Japan regional food map highlights local specialties flavors and dishes tied to geography climate and tradition"
21043,"This Boxer film review explores masculinity discipline pain and respect through a grounded Japanese boxing drama"
17342,"Kumano makeup brushes craftsmanship shows hand shaping natural hair tools and generations of brush making skill"
92867,"Final Fantasy evolution traced from pixel origins to cinematic storytelling systems music and lasting influence"
12327,"This Japan Nakama kamon guide explains family crests motifs and where they appear on kimono temples and daily design"
146324,"Read how Japanese crime fiction today reflects cities loneliness and pressure moving beyond classic whodunit plots today"
40190,"Read how Shibuya subcultures reflect Japans social shifts through music fashion youth scenes and changing identity today"
43559,"Learn about Konbini culture; convenience store food services routines and why they anchor daily Japanese life today"
145967,"Exploring beyond the tourist trails shares quieter routes local insight and flexible travel with eSIM access abroad"
16611,"Learning Japanese beginners guide that explains scripts study habits motivation and realistic progress paths clearly"
146714,"Know the best Japanese travel apps that cover maps, transport, translation, payments and daily navigation tools for smooth trips"
150256,"Japanese horror films ranked by fear folklore atmosphere and lasting impact beyond jump scares that linger long"
32420,"Some Anime that teaches culture includes Wotakoi Tamako Market Kyoto mochi craft and Shirobako studio work pressure"
30026,"The American occupation shaped Japanese cinema through censorship new genres studio shifts and modern storytelling"
146438,"Learning Japanese with VR explores immersive scenes repetition and motivation through interactive environments"
33934,"Neo Tokyo in contemporary art traces urban anxiety neon futures and how dystopia becomes identity and critique"
47265,"Anime based on video games ranked by adaptation quality tone and how gameplay worlds translate to screen today"
16360,"This Seven Samurai analysis covers teamwork sacrifice strategy and why Kurosawa shaped modern action cinema forever"
30322,"Our Anime food recommendations spotlights iconic dishes scenes and why animated meals spark real appetite instantly"
145065,"Japan public transport guide explains trains passes etiquette and navigating cities with ease for first timers"
148285,"Japanese swords history traces katana craft warriors myth making and symbolism beyond combat through centuries"
49747,"A Hiroshima autumn city break features foliage food walks history sites and calmer travel pacing during peak season"
145818,"Yoko Ono identity and art blend performance instruction pieces and peace shaped by Japan America and New York"
38481,"Explore Tokyo craftsmen profiles and hands on workshops where tools wood and patience keep traditional skills alive today"
50944,"Japan's 'Rokabiri' movement shows how rockabilly youth culture challenged tradition and reshaped postwar Japanese music"
16054,"Japanese beauty products to know from skincare rituals to cult items shaping daily routines and global trends"
33662,"The Kelly Loves brand story shows modern packaged food inspired by Japanese flavors design and convenience abroad"
92270,"Read about Japanese linguistic politeness, honorifics, formality context shifts and unspoken social rules clearly"
23271,"Real ways to learn Japanese cover slow progress repetition mistakes and methods that actually stick long term"
147631,"Japans shrinking cities examines population decline rural impact empty housing and future planning nationwide"
21272,"This Mr Os Book of the Dead review explores movement gesture and expression as cinematic language through the body"
31152,"This Heaven sake collaboration blends Japanese brewing craft with French blending philosophy and shared expertise"
38509,"Japans shrinking population explored through aging birth rates workforce impact and future social challenges"
47741,"Japanese hobbies for students include calligraphy cooking gardening music and crafts suited to home practice"
19004,"Japanese musicians to know across pop rock hip hop and experimental scenes shaping modern sound and identity"
14701,"Terrace House cast moments remembered for conflict romance vulnerability and how reality blurred performance"
31231,"Lofi music basics origins, beats, visuals, study culture and why the sound became a daily listening habit"
16319,"Japanese green tea explained through sencha matcha hojicha brewing methods flavor profiles and daily customs"
51775,"Japanese kimono revival blends heritage silhouettes with modern wear designers and cultural rethinking today"
47762,"Top subjects to study in Japan include engineering design language culture and career focused programs today"
16164,"Rashomon revisited through truth perspective memory and how stories change depending on who tells them first"
126077,"Magical Trip's Kyoto walking tour focuses on tea culture shrines storytelling and slow exploration on foot at a gentle pace"
38180,"This Renting an apartment in Japan guide details deposits guarantors contracts and how the process differs from abroad"
145906,"Find out where to start with Seishi Yokomizo mysteries, covering Kosuke Kindaichi cases locked rooms and entry novels"
18968,"Ma in Japanese minimalism explores the space between seen in pauses bow timing bonsai ikebana and tea rooms"
40246,"This Japanese whiskey culture guide explores distilleries aging methods and why flavor profiles rival Scotch worldwide"
19973,"Japanese beer brands reflect brewing history regional taste and how lagers shaped everyday drinking culture"
22460,"The Nihongo jouzu myth unpacked through praise politeness expectations and how learners misread fluency signals"
16563,"This Dating in Japan guide covers expectations communication pace group dynamics and how romance often develops slowly"
14799,"This Japanese food guide explains staples rice noodles seasoning methods and how meals are structured day to day"
35266,"Japanese literature history spans Heian court writing The Tale of Genji Edo fiction and modern novels today"
134467,"Lost in Translation explores Tokyo isolation intimacy and place through quiet moments and urban mood slowly"
53495,"Hidden gems across Tokyo wards reveal quiet streets local shops shrines and overlooked neighborhoods nearby"
31103,"Drive My Car review explores grief language silence and healing through conversation and performance gently"
30459,"Jidaigeki films explored through Kurosawa history period drama themes and evolving samurai ideals over time"
53506,"This High and Low Heaven and Hell review dissects class tension moral choice and urban pressure in postwar Japan"
148296,"Meiji era westernization shows how clothing posture hygiene and body practices shifted as Japan modernized"
146739,"Why Japanese novellas and short stories matter for pacing quiet endings and magazine shaped reading habits"
40215,"Shoku bunka explains how food culture shapes Japanese identity through seasonality ritual and shared meals"
20087,"Online Japanese study with Akita Inaka School blends live lessons rural context and practical language use"
17422,"Kobe earthquake photography reflects loss recovery memory and how disaster reshaped a modern Japanese city"
24414,"This Ring analysis looks at curse folklore media anxiety and why J horror unsettled global audiences deeply"
30485,"Japanese films that inspired Hollywood reveal remakes borrowed scenes and storytelling influence worldwide"
47750,"Top Japanese universities overview covers strengths campuses global outlook and study focus for applicants"
143529,"This Godzilla Minus One review examines postwar trauma human cost and spectacle grounded emotion with restraint"
145935,"Hiroyuki Sanada's film roles traced through samurai action drama and international crossover success abroad over decades"
146585,"Okawari's Tokyo nightlife tour follows bars pubs late food and social scenes across lively districts after midnight until dawn"
146169,"Our Japan Nakama curated itinerary offers balanced routes food stops and cultural highlights for first visits with clarity"
53322,"Student food budget Japan outlines affordable meals shopping habits and cost saving tips on a daily basis for students"
56573,"The Hidden Fortress review connects samurai adventure storytelling and Star Wars influence across cinema history wide"
53330,"Study abroad Japan essentials include visas housing language prep and cultural adjustment step by step for newcomers"
145460,"Discover the convenience of IC cards in Japan with our comprehensive guide. Learn about Suica and Pasmo, the top two IC cards in Japan."
16479,"Naoshima Art Island explores museums architecture landscapes and the island art experience at leisure slowly paced"
148816,"This month by month Japan travel guide lists cities weather festivals and ideal times to visit nationwide year round"
29558,"This Tokyo nightlife tour follows bars pubs late food and social scenes across lively districts after midnight until dawn"
21356,"This Japan Nakama curated itinerary offers balanced routes food stops and cultural highlights for first visits with clarity"
149124,"Our Japan student food budget outlines affordable meals shopping habits and cost saving tips on a daily basis for students"
150041,"This Hidden Fortress review connects samurai adventure storytelling and Star Wars influence across cinema history wide"
148865,"Get your study abroad Japan essentials including visas housing language prep and cultural adjustment step by step for newcomers"
146803,"This Suica and Pasmo card guide explains setup usage travel benefits and everyday convenience for newcomers and visitors"
54653,"Naoshima Art Island contains museums architecture landscapes and the island art experience at leisure slowly paced"
36763,"This month by month Japan travel guide covering cities, weather, seasonal festivals and the best times to visit year round"
28235,"Our Battle Royale review focuses on youth violence authority fear and social breakdown in extreme detail through stark imagery"
35183,"This Midnight Diner review highlights food memory loneliness and quiet human connection late at night in small moments"
115360,"This Akihabara tour guide covers arcades shops figures cafes and otaku culture hotspots for enthusiasts and first timers"
53274,"This Kagemusha review studies power illusion identity and shadow rule in Kurosawa epic with close reading and restraint"
147720,"Reviewing the best eSIMs in Japan compared for coverage speed setup and value for travelers on short trips and longer stays across regions"
